param_value,comparison,accuracy_diff_mean,accuracy_diff_std,accuracy_wins,macro_f1_diff_mean,macro_f1_diff_std,macro_f1_wins,bear_f1_diff_mean,bear_f1_diff_std,bear_f1_wins,bull_f1_diff_mean,bull_f1_diff_std,bull_f1_wins,experiment
default,PELT vs GMM,-0.018662838392124674,0.2732900776867741,0.4,-0.03449661662005043,0.22726539042381588,0.4,-0.015261749418260992,0.1692915010286761,0.5,-0.053731483821839864,0.3622767620322035,0.4,Baseline
default,PELT vs HMM,-0.03547990155865463,0.22516158354041865,0.4,-0.052120996437272374,0.19907404425375153,0.3,-0.023686212840227983,0.1726085494836952,0.3,-0.08055578003431674,0.29953931811007206,0.4,Baseline
0.01,PELT vs GMM,-0.008818703855619359,0.2593127304641066,0.5,-0.0009654308417678837,0.23647640040735987,0.5,0.06097178460843894,0.1669425968397053,0.6,-0.06290264629197462,0.37205645247986213,0.5,Volatility Gap
0.01,PELT vs HMM,-0.0604593929450369,0.1702527423207484,0.4,-0.0513447398273011,0.1675821633728117,0.3,0.025289367426932358,0.15050960005690742,0.6,-0.12797884708153456,0.2269490361359657,0.4,Volatility Gap
0.014,PELT vs GMM,0.039868744872846605,0.21304916405400165,0.5,0.0014500899389722848,0.1679165029830255,0.4,-0.018153298727666748,0.14146660465670752,0.6,0.021053478605611298,0.33961836154306474,0.5,Volatility Gap
0.014,PELT vs HMM,-0.0673092698933552,0.2611331708685233,0.3,-0.10040806151990836,0.2291049846612477,0.2,-0.1138865775343878,0.21349941250503202,0.4,-0.0869295455054289,0.345930449874146,0.3,Volatility Gap
0.018,PELT vs GMM,-0.11763740771123869,0.20105955301323167,0.2,-0.14108176327142716,0.15991558716464188,0.1,-0.1338818153318203,0.21510530518769264,0.3,-0.1482817112110341,0.2980613275595346,0.2,Volatility Gap
0.018,PELT vs HMM,-0.06333059885151764,0.23977291599683415,0.3,-0.07013996008350629,0.2082433799826912,0.3,-0.01765551894932389,0.15974352993478155,0.4,-0.12262440121768878,0.2852637968385248,0.3,Volatility Gap
0.022,PELT vs GMM,-0.018662838392124674,0.2732900776867741,0.4,-0.03449661662005043,0.22726539042381588,0.4,-0.015261749418260992,0.1692915010286761,0.5,-0.053731483821839864,0.3622767620322035,0.4,Volatility Gap
0.022,PELT vs HMM,-0.03547990155865463,0.22516158354041865,0.4,-0.052120996437272374,0.19907404425375153,0.3,-0.023686212840227983,0.1726085494836952,0.3,-0.08055578003431674,0.29953931811007206,0.4,Volatility Gap
0.03,PELT vs GMM,0.02953240360951599,0.2962211217687596,0.5,-0.012874089612658563,0.2169880790924022,0.5,-0.02297467161403491,0.1518227158661845,0.5,-0.0027735076112821886,0.38841700391124706,0.5,Volatility Gap
0.03,PELT vs HMM,0.020139458572600476,0.24031569189776367,0.5,-0.027549079468880532,0.18673918134889014,0.4,-0.04230269606545751,0.15000286530886553,0.3,-0.01279546287230352,0.32574723729799054,0.5,Volatility Gap
0.5,PELT vs GMM,-0.09585726004922068,0.24527177316797966,0.5,-0.13063294421151114,0.16867113384646387,0.3,-0.11352225471676076,0.24894681012209016,0.1,-0.1477436337062616,0.3121770753856909,0.5,Regime Persistence
0.5,PELT vs HMM,-0.12493847415914687,0.31826314096166386,0.5,-0.12972103272869245,0.17489743291215018,0.3,-0.08845238863026095,0.19967283850860676,0.1,-0.17098967682712402,0.3694002675327287,0.5,Regime Persistence
0.7,PELT vs GMM,-0.06185397867104181,0.314330178625077,0.3,-0.10199980579566367,0.19555776812665243,0.3,-0.07675570572220915,0.19926116424392298,0.2,-0.12724390586911827,0.3612116054103814,0.4,Regime Persistence
0.7,PELT vs HMM,-0.0645611156685808,0.3639054410512017,0.4,-0.09432817749601147,0.23248674867978597,0.4,-0.06372633052574257,0.19623748335878846,0.3,-0.12493002446628036,0.4115151184633135,0.5,Regime Persistence
0.9,PELT vs GMM,-0.0011484823625923096,0.13781907984167663,0.4,-0.06440376784770614,0.11440408639499704,0.3,-0.09074558384004323,0.18952972662820547,0.1,-0.03806195185536905,0.21119757160192587,0.4,Regime Persistence
0.9,PELT vs HMM,0.0748154224774405,0.2507700959233793,0.5,-0.0066702472084235465,0.12242938293123859,0.4,-0.05906734006634996,0.09932582575941008,0.2,0.04572684564950286,0.31653530188629553,0.5,Regime Persistence
0.95,PELT vs GMM,0.042575881870385565,0.19746332211137207,0.3,-0.019415173852863434,0.09098757140458673,0.2,-0.07574279818709521,0.14172670479954028,0.1,0.03691245048136836,0.25029524503369455,0.4,Regime Persistence
0.95,PELT vs HMM,0.08597210828547991,0.20255145742467734,0.4,0.009669935032477624,0.10488404383125684,0.3,-0.056601204748505274,0.16229709066210687,0.4,0.07594107481346044,0.2569044851490328,0.4,Regime Persistence
0.99,PELT vs GMM,-0.043191140278917135,0.24110406605867166,0.4,-0.049421831117921464,0.21022578619805685,0.4,0.002257659533159459,0.17171914892953039,0.7,-0.1011013217690024,0.35950069826005815,0.3,Regime Persistence
0.99,PELT vs HMM,-0.037489745693191114,0.2315168113063167,0.4,-0.04371960081482949,0.2197929871580321,0.4,0.01808750050358508,0.20418154817903697,0.5,-0.10552670213324404,0.32005120295111267,0.3,Regime Persistence
17.0,PELT vs GMM,0.014191960623461864,0.2434242470197761,0.4,-0.054264089725008825,0.17015401345856773,0.3,-0.09379369547762688,0.19256463063288884,0.3,-0.014734483972390754,0.3580147371388133,0.5,VIX Signal
17.0,PELT vs HMM,0.06300246103363415,0.24450342663448002,0.4,0.0128212865018608,0.16342969682963387,0.4,0.01867197098047508,0.08154052876465337,0.4,0.006970602023246575,0.33813033656835606,0.4,VIX Signal
20.0,PELT vs GMM,0.0010664479081214262,0.25479036563809915,0.4,-0.03401365664575291,0.20407791712113751,0.2,-0.05325847101246106,0.1955596427928403,0.4,-0.014768842279044781,0.3561503781547479,0.4,VIX Signal
20.0,PELT vs HMM,-0.03822805578342907,0.260084205884789,0.5,-0.06486007220841457,0.2122100919863065,0.3,-0.04662701660231052,0.21810614625328323,0.5,-0.08309312781451862,0.3523016604492792,0.5,VIX Signal
25.0,PELT vs GMM,-0.013248564397046742,0.27624163424441706,0.4,-0.04667886919031469,0.21745203475820832,0.3,-0.03279872241726174,0.20413120807887358,0.3,-0.06055901596336766,0.36714562545851875,0.4,VIX Signal
25.0,PELT vs HMM,0.020385561936013097,0.2535457299349966,0.5,-0.016197534722259415,0.21296266282977439,0.5,-0.008937814508758427,0.1464083518378442,0.3,-0.023457254935760386,0.32139604952081713,0.5,VIX Signal
30.0,PELT vs GMM,-0.022436423297785068,0.2750097295277521,0.4,-0.033769084392493896,0.22672481737084133,0.4,-0.005384264394944252,0.1618982231031982,0.5,-0.062153904390043535,0.3642934140897756,0.4,VIX Signal
30.0,PELT vs HMM,-0.01792452830188678,0.23409463023056754,0.4,-0.03927139574661485,0.20750035418714086,0.4,-0.01854037166587087,0.15280680141211536,0.4,-0.06000241982735882,0.299892346577371,0.4,VIX Signal
40.0,PELT vs GMM,-0.002461033634126325,0.27665996627130796,0.5,0.00156620974004677,0.2429921659082435,0.5,0.062229141153499104,0.17974486691234529,0.6,-0.05909672167340554,0.3526996544333092,0.5,VIX Signal
40.0,PELT vs HMM,-0.04179655455291222,0.2555070020734146,0.4,-0.04490245564249383,0.25102267001865886,0.4,0.004417398611132895,0.24026309503751234,0.5,-0.0942223098961205,0.29412494407703865,0.4,VIX Signal
